{
  "training_date": "2025-10-11T01:19:53.810373",
  "training_samples": 2000,
  "overall_accuracy": 0.945,
  "class_accuracies": {
    "Level 1": 0.8923076923076924,
    "Level 2": 1.0,
    "Level 3": 0.9058823529411765
  },
  "training_duration_seconds": 0.902423,
  "thresholds": {
    "score_threshold": 68.75404925237436,
    "time_threshold": 69.78371258605215,
    "efficiency_threshold": 0.9997747484652835,
    "percentile_threshold": 50.0
  },
  "num_grades": 12
}